-- phpMyAdmin SQL Dump
-- version 3.2.3
-- http://www.phpmyadmin.net
--
-- Host: localhost
-- Generation Time: Jun 13, 2012 at 06:58 PM
-- Server version: 5.1.40
-- PHP Version: 5.3.3

SET SQL_MODE="NO_AUTO_VALUE_ON_ZERO";


/*!40101 SET @OLD_CHARACTER_SET_CLIENT=@@CHARACTER_SET_CLIENT */;
/*!40101 SET @OLD_CHARACTER_SET_RESULTS=@@CHARACTER_SET_RESULTS */;
/*!40101 SET @OLD_COLLATION_CONNECTION=@@COLLATION_CONNECTION */;
/*!40101 SET NAMES utf8 */;

--
-- Database: `Newspaper6`
--

-- --------------------------------------------------------

--
-- Table structure for table `ARTICLE`
--

CREATE TABLE IF NOT EXISTS `ARTICLE` (
  `ID` int(11) NOT NULL,
  `CAPTION` varchar(80) NOT NULL,
  `AUTOR` int(11) DEFAULT NULL,
  `FILE` varchar(80) NOT NULL,
  `TYPE` int(11) DEFAULT NULL,
  `NUMBER` int(11) NOT NULL,
  PRIMARY KEY (`ID`)
) ENGINE=MyISAM DEFAULT CHARSET=cp1251;

--
-- Dumping data for table `ARTICLE`
--

INSERT INTO `ARTICLE` (`ID`, `CAPTION`, `AUTOR`, `FILE`, `TYPE`, `NUMBER`) VALUES
(2, 'Под лай Фери... №1', 1, '', 2, 1),
(3, 'Бег по кругу', 1, '', 1, 1),
(4, 'Желтопузики №1', 1, '', 3, 1),
(5, 'Паровозы', 2, '', 4, 1),
(6, 'Есть у нас собака Фери', 2, '', 1, 2),
(7, 'История кораблестроения', 3, '', 4, 2),
(10, 'Желтопузики №2', 1, '', 3, 2),
(11, 'Птицы с юга прилетают', 1, '', 1, 3),
(8, 'Перемены', 1, '', 1, 2),
(9, 'Под лай Фери... №2', 1, '', 2, 2),
(12, 'Желтопузики №3', 1, '', 3, 3),
(13, 'Белка', 2, '', 1, 3),
(14, 'Балтийское море', 1, '', 1, 3),
(16, 'Вот уже от дыма', 2, '', 1, 4),
(17, 'Весна явилась к нам опять', 1, '', 1, 4),
(18, 'Из истории Покотиловки №1', 1, '', 4, 4),
(19, 'Желтопузики №4', 1, '', 3, 4),
(20, 'Как весна настала рано', 1, '', 1, 5),
(21, 'Гроза', 1, '', 1, 5),
(22, 'Из истории Покотиловки №2', 1, '', 4, 5),
(23, 'Желтопузики №5', 1, '', 3, 5),
(24, 'Маме на день рожденья', 2, '', 1, 5),
(25, 'Хоть уже настало лето', 1, '', 1, 6),
(26, 'Время', 1, '', 1, 6),
(27, 'Из истории Покотиловки №3', 1, '', 4, 6),
(28, 'Желтопузики №6', 1, '', 3, 6),
(29, 'По техническим причинам', 1, '', 1, 7),
(30, 'Из истории Покотиловки №4', 1, '', 4, 7),
(31, 'Желтопузики №7', 1, '', 3, 7),
(32, 'Приёмник', 1, '', 5, 7),
(33, 'Я стою себе, мечтаю', 1, '', 1, 8),
(34, 'Морской трамвай', 1, '', 4, 8),
(35, 'Желтопузики №8', 1, '', 3, 8),
(36, 'Под лай Фери и не только', 1, '', 2, 8),
(37, 'Ивановых как-то вёз', 1, '', 1, 9),
(38, 'Из истории Андреевки №1', 1, '', 4, 9),
(39, 'Желтопузики №9', 1, '', 3, 9),
(40, 'Марсианские хроники', 2, '', 2, 9),
(41, 'Хоть электричества полно', 1, '', 1, 10),
(42, 'Из истории Андреевки №2', 1, '', 4, 10),
(43, 'Желтопузики №10', 1, '', 3, 10),
(44, 'Мы подключаем проект к базе данных', 1, '', 1, 11),
(45, 'Испорченный приёмник', 1, '', 5, 11),
(46, 'Желтопузики №11', 1, '', 3, 11),
(47, 'Мы пересекли экватор', 1, '', 1, 12),
(48, 'Морская анкета', 1, '', 5, 12),
(49, 'Желтопузики №12', 1, '', 3, 12),
(50, 'Капитаны', 1, '', 6, 12),
(51, 'Школа жизни - это школа капитанов', 1, '', 1, 13),
(52, 'Военная разводка мехмата', 1, '', 5, 13),
(53, 'Желтопузики №13', 1, '', 3, 13),
(54, 'Я четвёртый год не верю', 1, '', 1, 14),
(55, 'Глюкнутый приёмник', 1, '', 5, 14),
(56, 'Желтопузики №14', 1, '', 3, 14),
(1, 'Хоть за окнами снег кружит', 1, 'NULL', 1, 1),
(15, 'Под лай Фери... №3', 1, '', 2, 3),
(59, 'Бестолковый словарь №3', 1, 'NULL', 10, 3),
(58, 'Бестолковый словарь №2', 1, 'NULL', 10, 2),
(57, 'Бестолковый словарь №1', 1, 'NULL', 10, 1),
(63, 'Бестолковый словарь №7', 1, 'NULL', 10, 8),
(62, 'Бестолковый словарь №6', 1, 'NULL', 10, 6),
(61, 'Бестолковый словарь №5', 1, 'NULL', 10, 5),
(186, 'Бестолковый словарь №11', 1, 'NULL', 10, 1),
(60, 'Бестолковый словарь №4', 1, 'NULL', 10, 4),
(64, 'Бестолковый словарь №8', 1, 'NULL', 10, 9),
(65, 'Бестолковый словарь №9', 1, 'NULL', 10, 13),
(66, 'Бестолковый словарь №10', 1, 'NULL', 10, 14),
(67, 'Палиндромный словарь №1', 1, 'NULL', 10, 10),
(68, 'Палиндромный словарь №2', 1, 'NULL', 10, 11),
(69, 'Палиндромный словарь №3', 1, 'NULL', 10, 13),
(70, 'Палиндромный словарь №4', 1, 'NULL', 10, 14),
(71, 'Оговорки', 1, 'NULL', 5, 4),
(72, 'Фонаризмы', 1, 'NULL', 5, 8),
(73, 'Дровоскоп', 1, 'NULL', 5, 3),
(74, 'Кроссворд №1', 3, 'NULL', 7, 1),
(75, 'Кроссворд №2', 1, 'NULL', 7, 1),
(76, 'Дроволомка №1', 2, 'NULL', 9, 2),
(77, 'Кроссворд №3', 1, 'NULL', 7, 3),
(78, 'Ответ на дроволомку №1', 2, 'NULL', 12, 3),
(79, 'Кроссворд №4', 2, 'NULL', 7, 4),
(80, 'Дроволомка №2', 2, 'NULL', 9, 4),
(81, 'Кроссворд №5', 1, 'NULL', 7, 5),
(82, 'Ответ на дроволомку №2', 2, 'NULL', 12, 5),
(83, 'Кроссворд №6', 1, 'NULL', 7, 6),
(84, 'Дроволомка №3', 1, 'NULL', 9, 6),
(85, 'Кроссворд №7', 1, 'NULL', 7, 7),
(86, 'Дроволомка №4', 2, 'NULL', 9, 7),
(87, 'Ответ на дроволомку №3', 1, 'NULL', 12, 7),
(88, 'Ответ на дроволомку №4', 2, 'NULL', 12, 8),
(89, 'Кроссворд №8', 2, 'NULL', 7, 9),
(90, 'Дроволомка №5', 2, 'NULL', 9, 9),
(91, 'Кроссворд №9', 1, 'NULL', 7, 10),
(92, 'Ответ на дроволомку №5', 1, 'NULL', 12, 10),
(93, 'Кроссворд №10', 1, 'NULL', 7, 12),
(94, 'Дроволомка №6', 1, 'NULL', 9, 13),
(95, 'Ответ на дроволомку №6', 1, 'NULL', 12, 14),
(96, 'Школа жизни - это ШКОЛА!!!', 1, 'NULL', 8, 13),
(97, 'Миндзяк предупреждает!', 1, 'NULL', 8, 14),
(98, 'Ответ на кроссворд №1', 3, 'NULL', 11, 2),
(99, 'Ответ на кроссворд №2', 1, 'NULL', 11, 2),
(100, 'Ответ на кроссворд №3', 1, 'NULL', 11, 4),
(101, 'Ответ на кроссворд №4', 2, 'NULL', 11, 5),
(102, 'Ответ на кроссворд №5', 1, 'NULL', 11, 6),
(103, 'Ответ на кроссворд №6', 1, 'NULL', 11, 7),
(104, 'Ответ на кроссворд №7', 1, 'NULL', 11, 8),
(105, 'Ответ на кроссворд №8', 2, 'NULL', 11, 10),
(106, 'Ответ на кроссворд №9', 1, 'NULL', 11, 11),
(107, 'Ответ на кроссворд №10', 1, 'NULL', 11, 13),
(116, 'Палиндромный словарь №5', 1, 'NULL', 10, 15),
(115, 'Перевал', 1, 'NULL', 6, 15),
(114, 'Желтопузики №15', 1, 'NULL', 3, 15),
(113, 'И учёба вся с годами', 1, 'NULL', 1, 15),
(117, 'Приёмник №2', 1, 'NULL', 5, 15);

-- --------------------------------------------------------

--
-- Table structure for table `CONNECTION`
--

CREATE TABLE IF NOT EXISTS `CONNECTION` (
  `ID` int(11) NOT NULL,
  `NUMBER` int(11) NOT NULL,
  `MEMBER` int(11) NOT NULL,
  PRIMARY KEY (`ID`)
) ENGINE=MyISAM DEFAULT CHARSET=cp1251;

--
-- Dumping data for table `CONNECTION`
--

INSERT INTO `CONNECTION` (`ID`, `NUMBER`, `MEMBER`) VALUES
(1, 1, 1),
(2, 1, 2),
(3, 1, 3),
(4, 2, 1),
(5, 2, 2),
(6, 2, 3),
(7, 3, 1),
(8, 3, 2),
(9, 4, 1),
(10, 4, 2),
(11, 5, 1),
(12, 5, 2),
(13, 6, 1),
(14, 6, 2),
(15, 6, 3),
(16, 7, 1),
(17, 7, 2),
(18, 8, 1),
(19, 8, 2),
(20, 9, 1),
(21, 9, 2),
(22, 10, 1),
(23, 10, 2),
(24, 11, 1),
(25, 12, 1),
(26, 12, 2),
(27, 13, 1),
(28, 14, 1);

-- --------------------------------------------------------

--
-- Table structure for table `DICTIONARIS`
--

CREATE TABLE IF NOT EXISTS `DICTIONARIS` (
  `ID` int(11) NOT NULL,
  `NAME` varchar(80) NOT NULL,
  `HAS_TYPE` int(11) NOT NULL,
  `NAME_ARTICLE` varchar(80) NOT NULL,
  PRIMARY KEY (`ID`)
) ENGINE=MyISAM DEFAULT CHARSET=cp1251;

--
-- Dumping data for table `DICTIONARIS`
--

INSERT INTO `DICTIONARIS` (`ID`, `NAME`, `HAS_TYPE`, `NAME_ARTICLE`) VALUES
(1, 'Бестолковый словарь', 0, 'Бестолковый словарь'),
(2, 'Палиндромы', 1, 'Палиндромный словарь');

-- --------------------------------------------------------

--
-- Table structure for table `EPOPEES`
--

CREATE TABLE IF NOT EXISTS `EPOPEES` (
  `ID` int(11) NOT NULL,
  `NAME` varchar(80) NOT NULL,
  PRIMARY KEY (`ID`)
) ENGINE=MyISAM DEFAULT CHARSET=cp1251;

--
-- Dumping data for table `EPOPEES`
--

INSERT INTO `EPOPEES` (`ID`, `NAME`) VALUES
(1, 'Желтопузики');

-- --------------------------------------------------------

--
-- Table structure for table `MEMBER`
--

CREATE TABLE IF NOT EXISTS `MEMBER` (
  `ID` int(11) NOT NULL,
  `NAME` varchar(80) NOT NULL,
  `SERNAME` varchar(80) NOT NULL,
  `STATUS` varchar(80) NOT NULL,
  PRIMARY KEY (`ID`)
) ENGINE=MyISAM DEFAULT CHARSET=cp1251;

--
-- Dumping data for table `MEMBER`
--

INSERT INTO `MEMBER` (`ID`, `NAME`, `SERNAME`, `STATUS`) VALUES
(1, 'Алексей', 'Иванов', 'Главный редактор, архибобёр'),
(2, 'Андрей', 'Иванов', 'Журналист'),
(3, 'Илья', 'Костин-Кассанелли', 'Главный археолог газеты');

-- --------------------------------------------------------

--
-- Table structure for table `MESSAGE`
--

CREATE TABLE IF NOT EXISTS `MESSAGE` (
  `ID` int(11) NOT NULL,
  `TEXT` varchar(500) DEFAULT NULL,
  `USER` varchar(80) DEFAULT NULL,
  `DATE` varchar(80) NOT NULL
) ENGINE=MyISAM DEFAULT CHARSET=cp1251;

--
-- Dumping data for table `MESSAGE`
--


-- --------------------------------------------------------

--
-- Table structure for table `NUMBER`
--

CREATE TABLE IF NOT EXISTS `NUMBER` (
  `ID` int(11) NOT NULL,
  `NUMBER` int(11) DEFAULT NULL,
  `YEAR` int(11) NOT NULL,
  `PHOTO` int(11) NOT NULL,
  `LYRIC` int(11) NOT NULL,
  `MONTH` int(11) NOT NULL,
  PRIMARY KEY (`ID`)
) ENGINE=MyISAM DEFAULT CHARSET=cp1251;

--
-- Dumping data for table `NUMBER`
--

INSERT INTO `NUMBER` (`ID`, `NUMBER`, `YEAR`, `PHOTO`, `LYRIC`, `MONTH`) VALUES
(1, 1, 2004, 0, 1, 1),
(2, 2, 2004, 10, 6, 3),
(3, 3, 2004, 14, 11, 4),
(4, 4, 2004, 19, 16, 6),
(5, 5, 2004, 24, 20, 6),
(6, 6, 2004, 29, 25, 9),
(7, 7, 2004, 0, 29, 9),
(8, 1, 2005, 39, 33, 7),
(9, 2, 2005, 42, 37, 11),
(10, 1, 2006, 47, 41, 3),
(11, 1, 2008, 0, 44, 12),
(12, 1, 2009, 53, 47, 2),
(13, 2, 2009, 56, 51, 5),
(14, 1, 2010, 59, 54, 1),
(15, 1, 2011, 0, 113, 10);

-- --------------------------------------------------------

--
-- Table structure for table `PHOTO`
--

CREATE TABLE IF NOT EXISTS `PHOTO` (
  `ID` int(11) NOT NULL,
  `NUMBER` int(11) NOT NULL,
  `FILE` varchar(80) NOT NULL,
  `ARTICLE` int(11) NOT NULL,
  PRIMARY KEY (`ID`)
) ENGINE=MyISAM DEFAULT CHARSET=cp1251;

--
-- Dumping data for table `PHOTO`
--

INSERT INTO `PHOTO` (`ID`, `NUMBER`, `FILE`, `ARTICLE`) VALUES
(2, 1, 'Feri.jpg', 2),
(3, 1, 'Lygy.jpg', 3),
(4, 1, 'AlLygy.jpg', 3),
(5, 1, 'Cugnot.jpg', 5),
(6, 1, 'Stephenson.jpg', 5),
(7, 1, 'ParovozNik.jpg', 5),
(8, 1, 'Crossword1.gif', 74),
(9, 1, 'Crossword2.gif', 75),
(10, 2, 'Main2.jpg', 6),
(11, 2, 'Parohod.jpg', 7),
(12, 2, 'Change.jpg', 8),
(13, 2, 'Drovolomka.gif', 76),
(14, 3, 'Main3.jpg', 11),
(15, 3, 'Squirell.jpg', 13),
(16, 3, 'Sea.jpg', 14),
(17, 3, 'Crossword3.gif', 77),
(18, 3, 'DrovolAns.gif', 78),
(19, 4, 'Main4.jpg', 16),
(20, 4, 'Snow.jpg', 17),
(21, 4, 'Gorodise.jpg', 18),
(22, 4, 'Crossword4.gif', 79),
(23, 4, 'Drovolomka1.gif', 80),
(24, 5, 'Main5.jpg', 20),
(25, 5, 'Storm.jpg', 21),
(26, 5, 'Wood.jpg', 22),
(27, 5, 'Crossword5.gif', 81),
(28, 5, 'DrovolAns1.gif', 82),
(29, 6, 'Main6.jpg', 25),
(30, 6, 'Time.jpg', 26),
(48, 10, 'Kino.jpg', 42),
(47, 10, 'Main10.jpg', 41),
(46, 9, 'Mars.jpg', 40),
(44, 9, 'Crossword8.gif', 89),
(43, 9, 'Shebelinka.jpg', 38),
(42, 9, 'Main9.jpg', 37),
(41, 8, 'DrovolAns3.gif', 88),
(45, 9, 'Drovolomka4.gif', 90),
(31, 6, 'Stantion.jpg', 27),
(32, 6, 'Crossword6.gif', 83),
(33, 6, 'Drovolomka2.gif', 84),
(34, 7, 'Main7.jpg', 29),
(35, 7, 'Poliklinnika.jpg', 30),
(36, 7, 'Crossword7.gif', 85),
(37, 7, 'Drovolomka3.gif', 86),
(38, 7, 'DrovolAns2.gif', 87),
(40, 8, 'Tramway.jpg', 34),
(39, 8, 'Main8.jpg', 33),
(49, 10, 'Crossword9.gif', 91),
(50, 10, 'DrovolAns4.gif', 92),
(51, 11, 'Main11.jpg', 44),
(52, 11, 'Students.jpg', 45),
(53, 12, 'Main12.jpg', 47),
(54, 12, 'ship_people.jpg', 50),
(55, 12, 'Crossword10.gif', 93),
(56, 13, 'Main13.jpg', 51),
(57, 13, 'plakat.jpg', 96),
(58, 13, 'Drovolomka5.gif', 94),
(59, 14, 'Main14.jpg', 54),
(60, 14, 'Mindzak.jpg', 97),
(61, 14, 'DrovolAns5.gif', 95),
(1, 1, 'Main1.jpg', 1),
(63, 15, 'Main15.jpg', 113),
(62, 15, 'Pass.jpg', 115);

-- --------------------------------------------------------

--
-- Table structure for table `RUBRIC`
--

CREATE TABLE IF NOT EXISTS `RUBRIC` (
  `ID` int(11) NOT NULL,
  `NAME` varchar(80) NOT NULL,
  `NAME_MANY` varchar(80) NOT NULL,
  PRIMARY KEY (`ID`)
) ENGINE=MyISAM DEFAULT CHARSET=cp1251;

--
-- Dumping data for table `RUBRIC`
--

INSERT INTO `RUBRIC` (`ID`, `NAME`, `NAME_MANY`) VALUES
(1, 'Стихи', 'Стихи'),
(2, 'Светская хроника', 'Светская хроника'),
(3, 'Рассказ', 'Публикации художественной литературы'),
(4, 'Популярная статья', 'Популярные статьи'),
(5, 'Юмор', 'Юмор'),
(6, 'Песня', 'Песни'),
(7, 'Кроссворд', 'Кроссворды'),
(8, 'Плакат', 'Плакаты'),
(9, 'Дроволомка', 'Дроволомки'),
(10, 'Словарь', 'Словари'),
(11, 'Ответ на кроссворд', 'Ответы на кроссворды'),
(12, 'Ответ на дроволомку', 'Ответы на дроволомки');

-- --------------------------------------------------------

--
-- Table structure for table `WORD`
--

CREATE TABLE IF NOT EXISTS `WORD` (
  `ID` int(11) NOT NULL,
  `WORD` varchar(80) NOT NULL,
  `DICTIONARY` int(11) NOT NULL,
  `NUMBER` int(11) NOT NULL,
  `TYPE` int(11) NOT NULL,
  PRIMARY KEY (`ID`)
) ENGINE=MyISAM DEFAULT CHARSET=cp1251;

--
-- Dumping data for table `WORD`
--

INSERT INTO `WORD` (`ID`, `WORD`, `DICTIONARY`, `NUMBER`, `TYPE`) VALUES
(1, 'Автомат - шахматист, который всегда проигрывает.', 1, 1, 9),
(2, 'Альтанка - инструмент на танке, балерина, танцующая под альт.', 1, 1, 9),
(3, 'Арбуз - буза в армии.', 1, 1, 9),
(4, 'Балалайка - собака на балу.', 1, 1, 9),
(5, 'Белок - сын белки.', 1, 1, 9),
(6, 'Веник - житель Вены.', 1, 1, 9),
(7, 'Воздух - колесница Гелиоса.', 1, 1, 9),
(8, 'Воробей - милиционер.', 1, 1, 9),
(9, 'Выводок - результатик решеньица задачки.', 1, 1, 9),
(10, 'Дороговизна - посольство.', 1, 1, 9),
(11, 'Задание - Норвегия.', 1, 1, 9),
(12, 'Задача - огород.', 1, 1, 9),
(13, 'Кисточка, курточка - термины из звериной грамматики.', 1, 1, 9),
(14, 'Композиция - место для компьютера, способ лепки снежной бабы.', 1, 1, 9),
(15, 'Косточка - запятая (косая точка).', 1, 1, 9),
(16, 'Котёл - очень большой кот.', 1, 1, 9),
(17, 'Лопасть - рот.', 1, 1, 9),
(18, 'Магнит - магазин ниток.', 1, 1, 9),
(19, 'Магнолия - магазин, в котором ничего не продаёться.', 1, 1, 9),
(20, 'Машина - очень большая Маша.', 1, 1, 9),
(21, 'Напасть - намордник.', 1, 1, 9),
(22, 'Обилие, объём, опушка - темы для военной подготовки.', 1, 1, 9),
(23, 'Олень - тема педагогики.', 1, 1, 9),
(24, 'Орудие - тема геологии.', 1, 1, 9),
(25, 'Параграф - дворянское собрание.', 1, 1, 9),
(26, 'Парадокс - бригада скорой помощи.', 1, 1, 9),
(27, 'Паралич - раздвоение личности.', 1, 1, 9),
(28, 'Парилка - планер.', 1, 1, 9),
(29, 'Пение - рубка деревьев.', 1, 1, 9),
(30, 'Передок - больница.', 1, 1, 9),
(31, 'Перекись - дом, где живёт много кошек.', 1, 1, 9),
(32, 'Песня - жена пса.', 1, 1, 9),
(33, 'Песок - щенок.', 1, 1, 9),
(34, 'Поворот - повар, который всё съедает.', 1, 1, 9),
(35, 'Порошок - шок после порки.', 1, 1, 9),
(36, 'Прибор - опушка.', 1, 1, 9),
(37, 'Придача - забор.', 1, 1, 9),
(38, 'Половина - разлитое вино.', 1, 1, 9),
(39, 'Пробел - рассказ охотника.', 1, 1, 9),
(40, 'Провизия - разговор у посольства.', 1, 1, 9),
(41, 'Проводка - тема для задушевной беседы.', 1, 1, 9),
(42, 'Прокол - тема для родительской беседы.', 1, 1, 9),
(43, 'ПроСвет, проМашка, проВерка, проГалина - темы для сплетен.', 1, 1, 9),
(44, 'Пропажа - придворная бесда.', 1, 1, 9),
(45, 'Светка - упавшая с дерева.', 1, 1, 9),
(46, 'Свисток - оборваный провод.', 1, 1, 9),
(47, 'Сойка - мелкая соя.', 1, 1, 9),
(48, 'Стой, сток, стоп, стоя, стол, стон, стоп - результат поломки клавиатуры.', 1, 1, 9),
(49, 'Столица - женское собрание.', 1, 1, 9),
(50, 'Сторож - мужское собрание.', 1, 1, 9),
(51, 'Стоянка - собрание американцев.', 1, 1, 9),
(52, 'Стриж - бритоголовый.', 1, 1, 9),
(53, 'Терпение - длительный эксперемент с пнём.', 1, 1, 9),
(54, 'Трикотаж - дом, где живут три кота.', 1, 1, 9),
(55, 'Тритон - трио.', 1, 1, 9),
(56, 'Умора - пляж.', 1, 1, 9),
(57, 'Болтун - гаечный ключ.', 1, 2, 9),
(58, 'Ветеран - парус.', 1, 2, 9),
(59, 'Волокно - окно в коровнике.', 1, 2, 9),
(60, 'Гуляш - турист.', 1, 2, 9),
(61, 'Гусар - гусь площадью 100 кв. м.', 1, 2, 9),
(62, 'Заслон - хвост у слона.', 1, 2, 9),
(63, 'Качан - маятник.', 1, 2, 9),
(64, 'Квартира (лат.) - четыре Иры.', 1, 2, 9),
(65, 'Коран - дуб.', 1, 2, 9),
(66, 'Комар - ком площадью 100 кв. м.', 1, 2, 9),
(67, 'Конец - жеребёнок.', 1, 2, 9),
(68, 'Корзина - коричневая зина.', 1, 2, 9),
(69, 'Котлован - круглая ванна.', 1, 2, 9),
(70, 'Котловина - ловушка для котово, ёмкость для вина.', 1, 2, 9),
(71, 'Макет - наркоман.', 1, 2, 9),
(72, 'Мельник - плохой лоцман.', 1, 2, 9),
(73, 'Миллион - сомнения девушки перед выходом замуж.', 1, 2, 9),
(74, 'Мучение - тесто.', 1, 2, 9),
(75, 'Навоз - груз.', 1, 2, 9),
(76, 'Отставка - остаток от зарплаты.', 1, 2, 9),
(77, 'Параметр - рост великана, длинная линейка.', 1, 2, 9),
(78, 'Пильщик, пилот - пьяница.', 1, 2, 9),
(79, 'Паралич - раздвоение личности.', 1, 2, 9),
(80, 'Пистолет - вечный зуммер.', 1, 2, 9),
(81, 'Полка - тряпка.', 1, 2, 9),
(82, 'Подача - отпуск.', 1, 2, 9),
(83, 'Подставка - аванс.', 1, 2, 9),
(84, 'ПортНой - пристань для ковчега.', 1, 2, 9),
(85, 'Прогул - разговоры о шуме.', 1, 2, 9),
(86, 'Прополка - разговор в библиотеке.', 1, 2, 9),
(87, 'Район и Райка - Адам и Ева.', 1, 2, 9),
(88, 'Решётка - отличница по математике.', 1, 2, 9),
(89, 'Садовод - большая садовая муха.', 1, 2, 9),
(90, 'Салат - кабан.', 1, 2, 9),
(91, 'Сдача - урожай.', 1, 2, 9),
(92, 'Свитер - придворный.', 1, 2, 9),
(93, 'Совет, совсем - совиное гнездо.', 1, 2, 9),
(94, 'Сукно - дерево.', 1, 2, 9),
(95, 'Танк - танцор.', 1, 2, 9),
(96, 'Товарищ - будущее покупкище.', 1, 2, 9),
(97, 'Томат - библиотека.', 1, 2, 9),
(98, 'Трещётка - приспособление для уборки.', 1, 2, 9),
(99, 'Трио, опять, семья, парад, основа - результат поломки клавиатуры.', 1, 2, 9),
(100, 'Уклон - наследственность.', 1, 2, 9),
(101, 'Фасон - музыкальный сон.', 1, 2, 9),
(102, 'Форточка - музыкальный термин.', 1, 2, 9),
(103, 'Автобус - самодельное ожерелье.', 1, 3, 9),
(104, 'Автограф - дворянин-самозванец.', 1, 3, 9),
(105, 'Богач - священник.', 1, 3, 9),
(106, 'Весна - продавщица, гиря.', 1, 3, 9),
(107, 'Весточка - маленькая гирька.', 1, 3, 9),
(108, 'Гарем - пожарник.', 1, 3, 9),
(109, 'Горец - костёр, истопник, неудачник.', 1, 3, 9),
(110, 'Завод - коммунальные платежы, берег.', 1, 3, 9),
(111, 'Крахмал - небольшая авария.', 1, 3, 9),
(112, 'Кочка - жена корабельного повара.', 1, 3, 9),
(113, 'Курок - цыплёнок.', 1, 3, 9),
(114, 'Кусок - злой пёс.', 1, 3, 9),
(115, 'Курс - петух.', 1, 3, 9),
(116, 'Мечта - ножны.', 1, 3, 9),
(117, 'Навес - товар.', 1, 3, 9),
(118, 'Паровоз - преподаватель.', 1, 3, 9),
(119, 'Парень - двоешник; студент; чайник.', 1, 3, 9),
(120, 'Перевод - наводнение.', 1, 3, 9),
(121, 'Повод - корабль.', 1, 3, 9),
(122, 'Подсказка - глава.', 1, 3, 9),
(123, 'Пророк - разговор о музыкальной группе.', 1, 3, 9),
(124, 'Семинар - камера на 7 человек (тюремное).', 1, 3, 9),
(125, 'Фонарь - дизайнер.', 1, 3, 9),
(126, 'Фонограф - дворянин, играющий на фортепиано.', 1, 3, 9),
(127, 'Жито - средство к существованию.', 1, 4, 10),
(128, 'Зіпсований - покусаний.', 1, 4, 10),
(129, 'Залізниця - покалеченная собака.', 1, 4, 10),
(130, 'Залік - затылок.', 1, 4, 10),
(131, 'Клопіт - гостиница.', 1, 4, 10),
(132, 'Куля - мешочница.', 1, 4, 10),
(133, 'Ліжко - петушок на палочке.', 1, 4, 10),
(134, 'Митниця - ванна.', 1, 4, 10),
(135, 'Насіння - покраска в синий цвет.', 1, 4, 10),
(136, 'Очікування - обрезание.', 1, 4, 10),
(137, 'Позика - поход за Зыкиной.', 1, 4, 10),
(138, 'Риска - небольшая лесная кошка.', 1, 4, 10),
(139, 'Смуга - креолка.', 1, 4, 10),
(140, 'Ставок - работающий на одну ставку.', 1, 4, 10),
(141, 'Уся - усатая женщина.', 1, 4, 10),
(142, 'Бульвар - процесс варки бульона.', 1, 5, 9),
(143, 'Жаргон - отопление.', 1, 5, 9),
(144, 'Ломбард - разгон фестиваля самодеятельной песни.', 1, 5, 9),
(145, 'Муравей - ложный астрологический прогноз.', 1, 5, 9),
(146, 'Мышление - отказ кота от охоты.', 1, 5, 9),
(147, 'Сорока - женщина средних лет.', 1, 5, 9),
(148, 'Стоик - заика.', 1, 5, 9),
(149, 'Уборщица - живущая возле леса.', 1, 5, 9),
(150, 'Уступка - пестик.', 1, 5, 9),
(151, 'Шаровары - бесплатные повара.', 1, 5, 9),
(152, 'Вернисаж - антитрубочист.', 1, 6, 9),
(153, 'Горизонт - пожар в галентерейном магазине.', 1, 6, 9),
(154, 'Делёж - список дел.', 1, 5, 9),
(155, 'Клубника - работница клуба.', 1, 5, 9),
(156, 'Колбаса - колки на гитаре.', 1, 6, 9),
(157, 'Колобок - драка одного вооружённого.', 1, 6, 9),
(158, 'Коловорот - калитка.', 1, 6, 9),
(159, 'Колокол - драка двух вооружённых.', 1, 6, 9),
(160, 'Конверт, возвращение - цирковые номера.', 1, 6, 9),
(161, 'Коньяк - гибрид коня и яка.', 1, 6, 9),
(162, 'Малина - мелочь.', 1, 6, 9),
(163, 'Массаж - толстяк.', 1, 6, 9),
(164, 'Мышьяк - гибрид мыши и яка.', 1, 6, 9),
(165, 'Наматываться - ругаться.', 1, 6, 9),
(166, 'Самшит - портной-любитель.', 1, 6, 9),
(167, 'Столовая - рассказ рыболова.', 1, 6, 9),
(168, 'Стряпчий - уборщик.', 1, 6, 9),
(169, 'Улица - маска.', 1, 6, 9),
(170, 'Хлопча (с укр.) - аплодисменты.', 1, 6, 10),
(171, 'Будка - женщина, которая много обещает.', 1, 8, 9),
(172, 'Варвар - дважды приготовленный обед.', 1, 8, 9),
(173, 'Дебіл - поиски Клинтона.', 1, 8, 10),
(174, 'Зараза - пластиковая посуда.', 1, 8, 9),
(175, 'Знак - эрудит.', 1, 8, 9),
(176, 'Знакомство - разговор глухонемых.', 1, 8, 9),
(177, 'Зразок - пирожок с картошкой.', 1, 8, 10),
(178, 'Ковёр - кузнец.', 1, 8, 9),
(179, 'Кларнет - мужской монастырь.', 1, 8, 9),
(180, 'Кувалда - зозуля.', 1, 8, 11),
(181, 'Корнет - лес с ободранными деревьями.', 1, 8, 9),
(182, 'Невежа - дуже низький будинок.', 1, 8, 11),
(183, 'Невестка - устаревшая информация.', 1, 8, 9),
(184, 'Нервы - холмы.', 1, 8, 9),
(185, 'Пачка - анти-уборщица.', 1, 8, 9),
(186, 'Пачкать - упаковывать.', 1, 8, 9),
(187, 'Підсумки - полиці для багажу.', 1, 8, 12),
(188, 'Поколение - мелкое озеро.', 1, 8, 9),
(189, 'Полковник - помощник кузнеца.', 1, 8, 9),
(190, 'Полчище - результат уборки.', 1, 8, 9),
(191, 'Поржній - драчливый.', 1, 8, 10),
(192, 'Сбор - грибы.', 1, 8, 9),
(193, 'Свод - берег.', 1, 8, 9),
(194, 'Серпень - господин (не очень умный).', 1, 8, 10),
(195, 'Создание - пристройка.', 1, 8, 9),
(196, 'Соловей - помощник миллиционера.', 1, 8, 9),
(197, 'Солома - помощница взломщика.', 1, 8, 9),
(198, 'Сорока, срок - члены музыкальной группы.', 1, 8, 9),
(199, 'Список - напиток со снотворным.', 1, 8, 9),
(200, 'Спуск - панель задач.', 1, 8, 9),
(201, 'Страва - поляна.', 1, 8, 10),
(202, 'Хвилина - цунамі.', 1, 8, 12),
(203, 'Антиквар - немой лягушонок.', 1, 9, 9),
(204, 'Ассортимент - многофункциональній милиционер.', 1, 9, 9),
(205, 'Карткочка - термин из птичьей грамматики.', 1, 9, 9),
(206, 'Нега - немой гусь.', 1, 9, 9),
(207, 'Непал - герой войні.', 1, 9, 9),
(208, 'Палец - погибший в бою.', 1, 9, 9),
(209, 'Перец - писарь, петух.', 1, 9, 9),
(210, 'Платок - взятка.', 1, 9, 9),
(211, 'Подвода - рыба, субмарина.', 1, 9, 9),
(212, 'Порог - неудачливый козёл.', 1, 9, 9),
(213, 'Порука - побитая женщина.', 1, 9, 9),
(214, 'Сериал - волк.', 1, 9, 9),
(215, 'Тостер - тамада.', 1, 9, 9),
(216, 'Утюг - селезень.', 1, 9, 9),
(217, 'Зубрёж - заповедник.', 1, 13, 9),
(218, 'Їжак - обжора.', 1, 13, 10),
(219, 'Крыльцо - часть тела колибри.', 1, 13, 9),
(220, 'Купидон - реклама крупного российского землевладельца.', 1, 13, 9),
(221, 'Пробка - женщина-дегустатор.', 1, 13, 9),
(222, 'Сарафан - любовник с еврейской направленностью.', 1, 13, 9),
(223, 'Слепень - прожектор.', 1, 13, 9),
(224, 'Чин - ремонтник.', 1, 13, 9),
(225, 'Штукатурка - единица населения Османской империи.', 1, 13, 9),
(226, 'Басня - женщина с очнь низким голосом.', 1, 14, 9),
(227, 'Мнемоника - оправдательная речь Клинтона.', 1, 14, 9),
(228, 'Наводка - пробка.', 1, 14, 9),
(229, 'Многоугольник - стаханов.', 1, 14, 9),
(230, 'Хорёк - дирижёр.', 1, 14, 9),
(231, 'Арбуз у зубра.', 2, 10, 1),
(232, 'Кошка - так шок.', 2, 10, 1),
(233, 'Велик шок у кошки - Лев.', 2, 10, 1),
(234, 'Велик и Лев.', 2, 10, 1),
(235, 'А собака боса.', 2, 10, 1),
(236, 'Марсу - срам!', 2, 10, 1),
(237, 'Догу год.', 2, 10, 1),
(238, 'Я солу лося.', 2, 10, 1),
(239, 'Нил, блин!', 2, 10, 2),
(240, 'Намок, ранен он, но не наркоман.', 2, 10, 2),
(241, 'Тип спит.', 2, 10, 2),
(242, 'Я нежен, а не Женя.', 2, 10, 2),
(243, 'Лев Юлю вёл.', 2, 10, 2),
(244, 'Силач Кучма сам чукча, лис.', 2, 10, 3),
(245, 'Рим тесен, но он несёт мир.', 2, 10, 3),
(246, 'Риму - мир.', 2, 10, 3),
(247, 'Миргороду дорог Рим.', 2, 10, 3),
(248, 'Хохол плох, ох!', 2, 10, 3),
(249, 'Перечень - не череп.', 2, 10, 4),
(250, 'Камень - не мак.', 2, 10, 4),
(251, 'Море - не ром.', 2, 10, 4),
(252, 'А дурень - не руда.', 2, 10, 4),
(253, 'Я, Аля, вялая.', 2, 10, 5),
(254, 'Але ода надоела.', 2, 10, 5),
(255, 'Аля муку мяла.', 2, 10, 5),
(256, 'Веди дев!', 2, 10, 6),
(257, 'Ищи щи!', 2, 10, 6),
(258, 'Раб, ищи бар!', 2, 10, 6),
(259, 'Вор, ищи ров!', 2, 10, 6),
(260, 'Кот, ищи ток!', 2, 10, 6),
(261, 'У кур ищи руку!', 2, 10, 6),
(262, 'Руби бур!', 2, 10, 6),
(263, 'Гори, пирог!', 2, 10, 6),
(264, 'Я - ия.', 2, 10, 7),
(265, 'Я - дядя.', 2, 10, 7),
(266, 'Я - няня.', 2, 10, 7),
(267, 'Я - Ляля.', 2, 10, 7),
(268, 'Я - Лиля.', 2, 10, 7),
(269, 'Я - Лёля.', 2, 10, 7),
(270, 'Тени нет.', 2, 10, 8),
(271, 'А в аду - кто откудава?', 2, 10, 8),
(272, 'Хорош шорох.', 2, 10, 8),
(273, 'Мал хлам.', 2, 10, 8),
(274, 'Окно тонко.', 2, 10, 8),
(275, 'Алина меня не манила.', 2, 11, 5),
(276, 'Баран араб.', 2, 11, 3),
(277, 'Бел хлеб.', 2, 11, 8),
(278, 'И матросы со ртами!', 2, 11, 3),
(279, 'Ротару - куратор.', 2, 11, 2),
(280, 'Тут Сары растут.', 2, 11, 3),
(281, 'Ус сух.', 2, 11, 8),
(282, 'Юре верю.', 2, 11, 2),
(283, 'Мёд ждём.', 2, 13, 8),
(284, 'Мел ем.', 2, 13, 8),
(285, 'На моле - меломан.', 2, 13, 8),
(286, 'Шок на море - не Роман-Кош.', 2, 13, 8),
(287, 'А Бушу - шуба.', 2, 14, 3),
(288, 'А в кубе буква.', 2, 14, 8),
(289, 'А чукч куча.', 2, 14, 3),
(290, 'Гоблина манил Бог.', 2, 14, 8),
(291, 'Жарим мираж.', 2, 14, 8),
(292, 'Жёнам - манеж.', 2, 14, 2),
(293, 'И круты турки!', 2, 14, 3),
(294, 'Лёг на храм архангел.', 2, 14, 8),
(295, 'Мороз у сада с узором.', 2, 14, 8),
(296, 'Нажал кабан на баклажан.', 2, 14, 1),
(297, 'На карате таракан.', 2, 14, 1),
(298, 'На палке клапан.', 2, 14, 8),
(299, 'Радуй, удар!', 2, 10, 8),
(300, 'Рок скор.', 2, 10, 8),
(301, 'Том жмот.', 2, 14, 2),
(302, 'Углям я лгу.', 2, 14, 8),
(303, 'У лопани каки на полу.', 2, 14, 8),
(304, 'Я бес у себя.', 2, 14, 8),
(305, 'Я слился.', 2, 14, 8),
(306, 'А в Чопе почва.', 2, 15, 8),
(307, 'А Гюго - бог юга.', 2, 15, 2),
(308, 'Актёр, у бати табуретка!', 2, 15, 2),
(309, 'А порвёт Европа!', 2, 15, 3),
(310, 'А Тарту - утрата.', 2, 15, 3),
(311, 'Весна - дан сев.', 2, 15, 8),
(312, 'Во сне ген сов.', 2, 15, 1),
(313, 'Дерби - бред.', 2, 15, 8),
(314, 'И Кире мало пол-Америки.', 2, 15, 2),
(315, 'Йемен, онемей!', 2, 15, 3),
(316, 'Йог, а нагой!', 2, 15, 2),
(317, 'Йод ест седой.', 2, 15, 8),
(318, 'Йорик с Кирой.', 2, 15, 2),
(319, 'Йорк укрой!', 2, 15, 3),
(320, 'Леди Бог обидел.', 2, 15, 8),
(321, 'Лето - папа потел.', 2, 15, 8),
(322, 'Лису Кук укусил.', 2, 15, 2),
(323, 'Мало попу пополам.', 2, 15, 2),
(324, 'Мат и тут и там.', 2, 15, 2),
(325, 'Мент нем.', 2, 15, 2),
(326, 'Меч Азии зачем?', 2, 15, 3),
(327, 'Мыло - голым!', 2, 15, 2),
(328, 'Намок Оман.', 2, 15, 8),
(329, 'Нарбут убран.', 2, 15, 2),
(330, 'На доме чемодан.', 2, 15, 8),
(331, 'Ненец ценен.', 2, 15, 3),
(332, 'Нога - в вагон!', 2, 15, 8),
(333, 'Он вял явно.', 2, 15, 2),
(334, 'Рататуй у татар.', 2, 15, 2),
(335, 'Робот - что бор.', 2, 15, 8),
(336, 'У бати табу.', 2, 15, 2),
(337, 'Удачи Чаду!', 2, 15, 2),
(338, 'Украл я Ларку.', 2, 15, 2),
(339, 'Ушами машу.', 2, 15, 8),
(340, 'Цемент едет, немец!', 2, 15, 2),
(341, 'Цена киске - мексиканец.', 2, 15, 2),
(342, 'Юру дурю.', 2, 15, 2),
(343, 'Яиц или милиция!', 2, 15, 2),
(344, 'Тонет енот.', 2, 15, 1);

-- --------------------------------------------------------

--
-- Table structure for table `WORD_TYPE`
--

CREATE TABLE IF NOT EXISTS `WORD_TYPE` (
  `ID` int(11) NOT NULL,
  `NAME` varchar(80) NOT NULL,
  `DICTIONARY` int(11) NOT NULL,
  PRIMARY KEY (`ID`)
) ENGINE=MyISAM DEFAULT CHARSET=cp1251;

--
-- Dumping data for table `WORD_TYPE`
--

INSERT INTO `WORD_TYPE` (`ID`, `NAME`, `DICTIONARY`) VALUES
(1, 'Звери', 2),
(2, 'Общество', 2),
(3, 'Политика', 2),
(4, 'Противоположности', 2),
(5, 'Алина', 2),
(6, 'Просьбы', 2),
(7, 'Знакомство', 2),
(8, 'Ассорти', 2),
(9, 'Русско-русский словарь', 1),
(10, 'Украинско-русский словарь', 1),
(11, 'Русско-украинский словарь', 1),
(12, 'Украинско-украинский словарь', 1);
